Napa Cabbage With Pressed Bean Curd (Liángbàn Dòugān Báicàixīn),Appetizers / Starters;Chinese;Vegan;Vegetarian,Napa Cabbage;Pressed Bean Curd;Toasted Sesame Seeds;Toasted Sesame Oil;Rice Vinegar;Jalapeño Chiles;Cilantro;Green Onions
Soybean Pods (Shāo Máodòu),Appetizers / Starters;Chinese;Vegan;Vegetarian,Frozen Soybeans;Sichuan Peppercorns;Five-Spice Powder
Spinach And Peanuts (Bōcài Huāshēng),Appetizers / Starters;Chinese;Vegan;Vegetarian,Spinach;Garlic;Sea Salt;Chinese Black Vinegar;Dark Brown Sugar;Dark Soy Sauce;Toasted Sesame Oil;Vegetable Oil;Raw Peanuts
Manchurian Chicken Salad (Jīsī Lāpī),Salads;Dressings & Marinades;Appetizers / Starters;Chinese,Mung Bean Sheets;Toasted Sesame Oil;Cooked Chicken Meat;Persian Cucumbers;Fresh Ginger;Green Onions;Toasted Sesame Seeds;Chinese Black Vinegar;Soy Sauce;Mustard
Consort'S Chicken Wings (Guīfēi Jīchì),Sauces For Poultry;Appetizers / Starters;Chinese,Chicken Wings;Soy Sauce;Peanut Oil;Leeks;Fresh Ginger;Shaoxing Rice Wine;Rock Sugar
Cold Garlic Chicken (Shāndōng Shāojī),Appetizers / Starters;Chinese,Chicken Thighs;Soy Sauce;Sichuan Peppercorns;Fresh Ginger;Green Onions;Persian Cucumbers;Chinese Black Vinegar;Garlic;Toasted Sesame Oil
"Braised Beef Shank, Tendons, And Variety Meats (Lu Níujiàn, Níujīn, Níuzá)",Stews & One-Pot Meals;Appetizers / Starters;Chinese,Beef Shanks;Beef Tendons;Honeycomb Tripe;Fresh Ginger;Green Onions;Soy Sauce;Whole Star Anise;Cinnamon Sticks;Fennel Seeds;Sichuan Peppercorns;Rock Sugar;Dried Thai Chiles
Mock Shark Fin Soup (Huángmèn Sùyúchi),Soups;Chinese,Dried Scallops;Chinese Ham;Chicken Backs;Whole Duck;Fresh Ginger;Green Onions;Chicken Breasts;Shaoxing Rice Wine;Frozen Vegetarian Shark Fin
Clear Beef Soup With Chinese Herbs And Radishes (Qīngdùn Níuròu Luóbo Tāng),Soups;Chinese,Beef Shanks;Beef Tendons;Honeycomb Tripe;Leeks;Fresh Ginger;Rice Wine;Bay Leaves;Dried Licorice Root;Whole Star Anise;Cinnamon Sticks;Sichuan Peppercorns;Black Peppercorns;Chinese Radishes
Russian Soup (Luósòng Tāng),Soups;Chinese;Russian,Peanut Oil;Fresh Ginger;Oxtail;Onions;Garlic;Bay Leaves;Rice Wine;Soy Sauce;Tomato Ketchup;Potatoes;Carrots;Canned Tomatoes
Lamb Hotpot (Shuàn Yángròu),Stews & One-Pot Meals;Appetizers / Starters;Chinese,Lamb;Pickled Cabbage;Spinach;Bean Curd;Cellophane Noodles;Fermented Bean Curd;Fish Sauce;Toasted Sesame Seeds;Toasted Sesame Oil;Chile Oil;Soy Sauce;Chinese Black Vinegar;Green Onions;Cilantro;Vegetable Oil;Raw Peanuts;Rice Wine;Chicken Stock
Sweet And Sour Carp (Tángcù Liyú),Main Course;Chinese,Carp;Peanut Oil;Green Onions;Fresh Ginger;Chinese Black Vinegar;Rock Sugar;Soy Sauce
Abalone Shreds With Mung Bean Sprouts (Bàosī Yínyá),Main Course;Chinese,Abalone;Mung Bean Sprouts;Chicken Stock;Shaoxing Rice Wine;Peanut Oil;Green Onions;Fresh Ginger
Braised Prawns (Gānshāo Dàmíngxiā),Stews & One-Pot Meals;Main Course;Chinese,Shrimp;Fresh Ginger;Shaoxing Rice Wine;Peanut Oil;Green Onions;Fermented Rice;Tomato Ketchup
Beijing Style Smoked Chicken (Jīngshì Xūnjī),Main Course;Chinese,Whole Chicken;Shaoxing Rice Wine;Sichuan Peppercorns;Rice;Tea;Aromatics Of Your Choice
Jade And Pearls (Līu Jīpú),Main Course;Chinese,Chicken Stock;Fresh Ginger;Green Onions;Shaoxing Rice Wine;Baby Peas;Chicken Breasts;Egg Whites;Chicken Fat
Ginseng Steamed Chicken (Qingzhēng Rénshēn Jī),Main Course;Chinese,Ginseng Root;Dried Bamboo Shoots;Chinese Dried Black Mushrooms;Whole Chicken;Rice Wine;Green Onions;Fresh Ginger;Chinese Winter-Cured Pork
Yellow Braised Duck (Huángmèn Yākuài),Stews & One-Pot Meals;Main Course;Chinese,Duck Legs;Green Onions;Fresh Ginger;Sichuan Peppercorns;Shaoxing Rice Wine;Snow Peas;Carrots;Winter Bamboo Shoots;Wood Ear Fungus;Peanut Oil;Soy Sauce;Rock Sugar
Rock Sugar Pork Shank (Bīngtáng Zhouzi),Main Course;Chinese,Pork Shanks;Honey;Peanut Oil;Fennel Seeds;Cinnamon Sticks;Sichuan Peppercorns;Fresh Ginger;Green Onions;Soy Sauce;Shaoxing Rice Wine;Rock Sugar
Golden Pouches (Hébāo Lijí),Main Course;Chinese,Pork Shoulder;Green Onions;Fresh Ginger;Sweet Bean Paste;Soy Sauce;Shaoxing Rice Wine;Peanut Oil;Cilantro;Toasted Sesame Oil
Tasimi (Tāsìmi),Stir-Fries;Main Course;Chinese,Lamb Loin;Ginger Juice;Soy Sauce;Shaoxing Rice Wine;Chinese Black Vinegar;Toasted Sesame Oil;Sweet Bean Paste
Napa Cabbage With Dried Shrimp (Kāiyáng Báicài),Stir-Fries;Side Dish;Chinese,Dried Shrimp;Napa Cabbage;Peanut Oil;Green Onions;Fresh Ginger;Soy Sauce;Rice Vinegar
Stir Fried Garlic Stems (Qīngchao Sùantái),Stir-Fries;Side Dish;Chinese;Vegan;Vegetarian,Garlic Stems;Peanut Oil;Shaoxing Rice Wine
Three Fruits Of The Earth (Disānxiān),Stir-Fries;Side Dish;Chinese;Vegan;Vegetarian,Chinese Eggplants;Potatoes;Peanut Oil;Red Peppers;Garlic;Fresh Ginger;Green Onions
Stir Fried Potato And Green Chili Threads (Qingjiāo Chao Tudòusi),Stir-Fries;Side Dish;Chinese;Vegan;Vegetarian,Potatoes;Peanut Oil;Fresh Ginger;Green Onions;Jalapeño Chiles
Wood Ears Braised With Green Onions (Cōngshāo Qīumùer),Side Dish;Chinese,Leeks;Wood Ear Fungus;Peanut Oil;Rice Wine;Oyster Sauce;Soy Sauce
Panfried Bean Curd (Guōtā Dòufu),Stir-Fries;Side Dish;Chinese,Bean Curd;Peanut Oil;Egg Yolks;Dried Shrimp Roe;Green Onions;Fresh Ginger;Shaoxing Rice Wine;Romaine Lettuce
Zhajiang Noodles (Zhájiàng Miàn),Stir-Fries;Main Course;Chinese,Wheat Noodles;Eggplants;Peanut Oil;Ground Pork;Yellow Onions;Fresh Ginger;Rice Wine;Toasted Sesame Oil;Sweet Bean Paste;Soy Sauce;Persian Cucumbers
Dalu Noodle Soup (Dalu Miàn),Soups;Chinese,Wood Ear Fungus;Carrots;Winter Bamboo Shoots;Green Onions;Dried Chinese Black Mushrooms;Napa Cabbage;Peanut Oil;Pork;Pork Stock;Soy Sauce;Chinese Black Vinegar;Wheat Noodles
"Steamed And Boiled Jiaozi (Zhēngjiao, Shuijiao)",Snacks;Chinese,All-Purpose Flour;Pastry Flour;Filling Of Your Choice
Shrimp And Pork Jiaozi Filling (Xiānxiā Zhūròu Xiàn),Chinese,Shrimp;Ground Pork;Fresh Ginger;Soy Sauce;Rice Wine;Napa Cabbage;Green Onions
Gourd And Egg Jiaozi Filling (Mùxi Hùguā Xiàn),Egg Dishes;Chinese;Vegetarian,Bottle Gourds;Peanut Oil;Eggs;Fresh Ginger;Soy Sauce;Rice Wine;Toasted Sesame Oil;Chinese Dried Black Mushrooms
Ignored By The Dog Filled Buns (Goubùli Bāozi),Snacks;Chinese,Ground Pork;Pork Fat;Soy Sauce;Toasted Sesame Oil;Green Onions;Fresh Ginger;All-Purpose Flour;Pastry Flour
Potstickers (Guōtiē),Appetizers / Starters;Chinese,All-Purpose Flour;Pastry Flour;Ground Pork;Mushroom Powder;Soy Sauce;Shaoxing Rice Wine;Cilantro;Green Onions;Fresh Ginger;Peanut Oil
Chinese Hamburgers (Xiàngbing),Sandwiches & Burgers;Snacks;Main Course;Chinese,Ground Beef Chuck;Soy Sauce;Fresh Ginger;Rice Wine;Peanut Oil;Garlic Chives;All-Purpose Flour;Pastry Flour
"Fried Scallion And Flaky Flatbreads (Cōngyōubing, Zhuābing)",Fried Doughs;Snacks;Appetizers / Starters;Chinese,All-Purpose Flour;Pastry Flour;Peanut Oil;Lard;Green Onions
Shaobing,"Pies, Tarts & Pastries;Breakfast / Brunch;Chinese;Vegan;Vegetarian",Active Dry Yeast;All-Purpose Flour;Pastry Flour;Oil;Toasted Sesame Oil
Corn Thimbles (Wōwotóu 'Er),"Bread & Rolls, Savory;Chinese;Vegan",Cornmeal;Store-Cupboard Ingredients
Millet Porridge (Xiaomi Zhōu),Breakfast / Brunch;Snacks;Cooking For 1 Or 2;Chinese;Vegan;Vegetarian,Millet
Rolling Donkeys (Lu Dagun),Candy / Sweets;Chinese;Vegan,Sticky Rice Flour;Sweet Red Bean Paste;Toasted Sesame Oil;Peanuts
Laughing Dougnut Holes (Kāikouxiào),Fried Doughs;Dessert;Snacks;Chinese,All-Purpose Flour;Pastry Flour;Sesame Seeds;Peanut Oil
Toffee Apples (Bási Píngguo),Fried Doughs;Dessert;Chinese,Apples;Pastry Flour;Peanut Oil;Turbinado Sugar;Lemons;Toasted Sesame Seeds
Soymilk (Dòujiāng),Beverages / Drinks (No-Alcohol);Cooking Ahead;Chinese,Soybeans
Chilled Sour Plum Infusion (Guìhuā Suānméi Tāng),Beverages / Drinks (No-Alcohol);Chinese,Dried Sour Plums;Dried Licorice Root;Dried Jamaica Flowers;Rock Sugar;Osmanthus Syrup;Dried Chinese Hawthorn Berries
Raw Radish Threads With Green Onion Oil (Cōngyóu Báiluóbōsi),Appetizers / Starters;Chinese;Vegan;Vegetarian,Chinese Radishes;Green Onions;Peanut Oil
Vegetarian Dongpo Pork (Sù Dōngpō),Stir-Fries;Appetizers / Starters;Chinese,Winter Melon Gourds;Peanut Oil;Fresh Ginger;Green Onions;Shaoxing Rice Wine;Soy Sauce;Rock Sugar;Whole Star Anise;Cinnamon Sticks
Sprouted Fava Beans (Cōngkào Fāyádòu),Appetizers / Starters;Chinese,Dried Fava Beans;Green Onions;Peanut Oil;Fresh Ginger;Shaoxing Rice Wine;Fish Sauce
Bean Curd With Pine Flower Preserved Eggs (Sōnghuà Pídàn Dòufu),Egg Dishes;Appetizers / Starters;Chinese;Vegetarian,Preserved Eggs;Bean Curd;Sichuan Pickled Mustard Root;Green Onions;Cilantro;Rice Vinegar;Chinese Black Vinegar;Toasted Sesame Oil
Vegetarian Goose (Wubao Sù'É),Appetizers / Starters;Chinese;Vegan;Vegetarian,Black Mushrooms;Yuba Sheets;Dried Daylily Flowers;Winter Bamboo Shoots;Carrots;Peanut Oil;Sichuan Pickled Mustard Root;Soy Sauce;Toasted Sesame Oil
Drunken Eggs With Molten Centers (Tángxin Huādiāo Zuìdàn),Egg Dishes;Appetizers / Starters;Chinese;Vegetarian,Eggs;Salted Plums;Fresh Ginger;White Peppercorns;Lemons;Shaoxing Rice Wine
"Suzhou ""Smoked"" Fish (Sūshì Xūnyú)",Appetizers / Starters;Chinese,Whole Fish;Green Onions;Fresh Ginger;Whole Star Anise;Soy Sauce;Shaoxing Rice Wine;Peanut Oil;Five-Spice Powder;Toasted Sesame Oil
Cold Braised Little Fish With Green Onions (Cōngkào Xiaoyú),Appetizers / Starters;Chinese,Croaker;Shaoxing Rice Wine;Soy Sauce;Chinese Black Vinegar;Peanut Oil;Green Onions;Rock Sugar;Toasted Sesame Oil
Soy Braised Fish Collar (Gānshāo Yúxàba),Stews & One-Pot Meals;Appetizers / Starters;Chinese,Fish Collars;Peanut Oil;Fresh Ginger;Green Onions;Soy Sauce;Rock Sugar;Shaoxing Rice Wine
Drunken Chicken (Zuìji),Appetizers / Starters;Chinese,Chicken Breasts;Shaoxing Rice Wine;Chicken Stock;Fresh Ginger;Rock Sugar;Wolfberries
Crystalline Jellied Pork (Shuijink Yáoròu),Appetizers / Starters;Chinese,Pork Legs;Shaoxing Rice Wine;Pink Salt;Whole Star Anise;Sichuan Peppercorns;Fresh Ginger;Green Onions;Powdered Gelatin;Powdered Alum;Chinese Black Vinegar
Lotus Root And Pork Rib Soup (Lián Ou Páigu Tāng),Soups;Chinese,Pork Ribs;Peanut Oil;Fresh Ginger;Green Onions;Shaoxing Rice Wine;Lotus Root;Cilantro
Sister In Law Song'S Fish Chowder (Sòngsao Yúgēng),Soups;Chinese;American,Firm White Fish Fillets;Fresh Ginger;Black Mushrooms;Chinese Ham;Winter Bamboo Shoots;Peanut Oil;Chicken Stock;Egg Whites;Chinese Black Vinegar
Fish Head Sandpot (Shāguō Yútóu),Soups;Chinese,Carp Heads;Soy Sauce;Shaoxing Rice Wine;Peanut Oil;Fresh Ginger;Green Onions;Pork Belly;Winter Bamboo Shoots;Dried Chinese Black Mushrooms;Thai Chiles;Chicken Stock;Rock Sugar
Yangzhou Style Lion Heads (Yángzhōu Qīngtāng Shizitóu),Soups;Chinese,Ground Pork;Pork Fat;Shrimp;Water Chestnuts;Green Onions;Fresh Ginger;Shaoxing Rice Wine;Mushroom Powder;Old-Fashioned Oats;Chicken Stock
Braised Vegetarian Finches (Shāo Sùhuángquè),Stews & One-Pot Meals;Main Course;Chinese;Vegan;Vegetarian,Dried Chinese Black Mushrooms;Baby Bok Choy;Carrots;Peanut Oil;Firm Bean Curd;Soybeans;Green Onions;Light Soy Sauce;Toasted Sesame Oil;Bean Curd Skin;Mushroom Stock;Shaoxing Rice Wine;Fresh Ginger
Steamed Fish Jiangsu Style (Qingzhēng Xiānyú),Main Course;Chinese,Whole Fish;Black Mushrooms;Bamboo Shoots;Chinese Ham;Fresh Ginger;Green Onions;Shaoxing Rice Wine;Peanut Oil
West Lake Piquant Fish (Xihú Cùyú),Main Course;Chinese,Whole Fish;Fresh Ginger;Chicken Stock;Green Onions;Peanut Oil;Chinese Black Vinegar;Rock Sugar;Shaoxing Rice Wine;Chinese Egg Noodles
Fried Fish In A Sea Moss Batter (Táitiáo Sūyū),Main Course;Chinese,Whole Fish;Green Onions;Shaoxing Rice Wine;Lemons;Fresh Ginger;Sea Moss;Peanut Oil;Pastry Flour
Stir Fried Shrimp With Longjing Tea (Lóngjing Xiārén),Stir-Fries;Main Course;Chinese,Long Jing Tea;Shrimp;Egg Whites;Peanut Oil;Shaoxing Rice Wine
Crunchy Salt And Pepper Shrimp (Jiāoyán) Sūxiā),Stir-Fries;Main Course;Chinese,Shrimp;Shaoxing Rice Wine;Rice Bran Oil;Sea Salt;Black Peppercorns;Green Onions
Bombs Over Tokyo (Hōngzhà Dōngjīng),Stir-Fries;Main Course;Chinese,Short-Grain Rice;Shrimp;Egg Whites;Chicken Breasts;Chicken Stock;Shaoxing Rice Wine;Tomato Ketchup;Toasted Sesame Oil;Rice Vinegar;Black Mushrooms;Peanut Oil;Baby Peas
Freshwater Eels With Yellow Chives (Jiuhuáng Chao Shànhú),Stir-Fries;Main Course;Chinese,Eels;Yellow Chives;Peanut Oil;Fresh Ginger;Green Onions;Shaoxing Rice Wine;Light Soy Sauce
Daokou Poached Chicken (Dàokou Shāojī),Main Course;Chinese,Chicken Stock;Shaoxing Rice Wine;Fish Sauce;Light Soy Sauce;Rock Sugar;Dried Tangerine Peel;Sand Ginger;Black Peppercorns;Sichuan Peppercorns;Fennel Seeds;Whole Star Anise;Cinnamon Sticks;Whole Cloves;Black Cardamom Pods;Whole Chicken;Maltose;Toasted Sesame Oil
Wuwei Smoked Duck (Wúwéi Xūnyā),Main Course;Chinese,Whole Duck;Sea Salt;Pink Salt;Applewood Chips;Fennel Seeds;Whole Star Anise;Cinnamon Sticks;Sichuan Peppercorns;Soy Sauce;Chinese Black Vinegar;Rock Sugar;Green Onions;Fresh Ginger
Nanjing Saltwater Duck (Nánjing Yánshui Yā),Main Course;Chinese,Duck Legs;Sea Salt;Five-Spice Powder;Sichuan Peppercorns;Green Onions;Whole Star Anise;Fresh Ginger
Dongpo Pork (Dōngpō) Ròu),Main Course;Chinese,Pork Belly;Rock Sugar;Peanut Oil;Shaoxing Rice Wine;Green Onions;Fresh Ginger;Whole Star Anise;Cinnamon Sticks;Soy Sauce
Pearl Meatballs (Zhēnzhūwán),Main Course;Chinese,Long-Grain Sticky Rice;Fatback;Water Chestnuts;Ground Pork;Flatfish;Fresh Ginger;Green Onions;Shaoxing Rice Wine;Chile Paste;Soy Sauce
Shaoxing Style Pork Belly (Méicài Kòròu),Main Course;Chinese,Pork Belly;Dark Soy Sauce;Shaoxing Rice Wine;Preserved Mustard Greens;Fresh Ginger;Green Onions;Rock Sugar;White Liquor
Wuxi Spareribs (Wúxí Páigu),Main Course;Chinese,Pork Spareribs;Soy Sauce;Peanut Oil;Green Onions;Fresh Ginger;Shaoxing Rice Wine;Whole Star Anise;Cinnamon Sticks;Rock Sugar;Dark Soy Sauce;Toasted Sesame Oil
Braised Tendons With Dried Shrimp Roe (Xiāzi Níujīn),Stews & One-Pot Meals;Main Course;Chinese,Beef Tendons;Peanut Oil;Dried Shrimp Roe;Fresh Ginger;Green Onions;Shaoxing Rice Wine;Soy Sauce;Fish Sauce;Toasted Sesame Oil
Huaidian Smoked Lamb (Huáidiàn Xūn Yángròu),Main Course;Chinese,Lamb Riblets;Black Peppercorns;Whole Cloves;Sichuan Peppercorns;Fennel Seeds;Black Cardamom Pods;Wood Chips;Toasted Sesame Oil
Oil Braised Spring Bamboo Shoots (Yóumèn Chūnsun),Stews & One-Pot Meals;Side Dish;Spring;Chinese;Vegan;Vegetarian,Frozen Spring Bamboo Shoots;Green Onions;Peanut Oil;Toasted Sesame Oil;Shaoxing Rice Wine;Soy Sauce
Bitter Melons In Golden Sand (Jinshā Kuguā),Side Dish;Chinese;Vegetarian,Bitter Melons;Sea Salt;Eggs;Fresh Ginger;Whole Star Anise;Sichuan Peppercorns;Dried Thai Chiles;Shaoxing Rice Wine;Green Onions;Peanut Oil
Four Happiness Gluten And Vegetables (Sixi Kaofū),Side Dish;Chinese;Vegan;Vegetarian,Wheat Gluten;Peanut Oil;Wood Ear Fungus;Winter Bamboo Shoots;Dried Daylily Flowers;Soybeans;Green Onions;Fresh Ginger;Whole Star Anise;Dark Soy Sauce;Shaoxing Rice Wine;Rock Sugar
Slow Braised Bok Choy (Kàocài),Side Dish;Chinese,Bok Choy;Green Onions;Soy Sauce
"Molded Ham, Chicken, And Bean Curd Shreds (Ji Huō Zhu Gānsi)",Side Dish;Chinese,Chicken Breasts;Fresh Ginger;Green Onions;Black Mushrooms;Chinese Ham;Chicken Stock;Shaoxing Rice Wine;Bean Curd
Lively Bean Curd (Huo Dòufu),Side Dish;Chinese,Dried Daylily Flowers;Wood Ear Fungus;Pork;Soy Sauce;Shaoxing Rice Wine;Green Onions;Soft Bean Curd;Peanut Oil;Stock;Toasted Sesame Oil
Chestnut Bean Curd (Li Dòufu),Side Dish;Chinese,Chicken Stock;Pork Belly;Chinese Ham;Fresh Ginger;Soft Bean Curd;Winter Bamboo Shoots;Chestnuts;Soy Sauce;Shaoxing Rice Wine
Fried Lotus Chips (Zhá Oupiàn),Side Dish;Chinese;Vegan;Vegetarian,Lotus Root;Peanut Oil
Crab Shell Pastries (Xiékéhuáng),"Pies, Tarts & Pastries;Snacks;Chinese",Ground Pork;Green Onions;Toasted Sesame Seeds;All-Purpose Flour;Pastry Flour
Crusty Vegetable Rice (Càifàn),Rice Dishes;Main Course;Cooking For 1 Or 2;Chinese,Bok Choy;Green Onions;Chinese Ham;Cooked Rice
Xiaolongbao,"Pies, Tarts & Pastries;Main Course;Appetizers / Starters;Snacks;Chinese",Chicken Stock;Pork Skin;Fresh Ginger;Green Onions;Ground Pork;Pork Fat;Soy Sauce;Shaoxing Rice Wine;Chinese Black Vinegar;Toasted Sesame Oil;All-Purpose Flour
Fried Green Onion Noodles (Congyóu Bànmiàn),Stir-Fries;Main Course;Chinese,Green Onions;Peanut Oil;Light Soy Sauce;Thin Noodles
Hangzhou Style Noodle Soup (Pià 'R Chuān),Soups;Chinese,All-Purpose Flour;Pastry Flour;Toasted Sesame Oil;Pork;Shaoxing Rice Wine;Winter Bamboo Shoots;Mustard Greens;Sea Salt;Pork Stock;Peanut Oil;Soy Sauce;Bamboo Pith Fungus
"Rice Cakes With Salted Shanghainese Greens, Bamboo Shoots, And Green Soybeans (Xuelihóng Sunsī Máodòu Chao Nián'Gāo)",Stir-Fries;Main Course;Chinese;Vegan;Vegetarian,Peanut Oil;Green Onions;Winter Bamboo Shoots;Soybeans;Sea Salt;Mustard Greens;Rice Cakes;Shaoxing Rice Wine
Rice Cakes With Pork And Vegetables (Shànghai Chao Nián'Gāo),Stir-Fries;Main Course;Chinese,Pork;Soy Sauce;Shaoxing Rice Wine;Black Mushrooms;Winter Bamboo Shoots;Napa Cabbage;Chinese Ham;Green Onions;Peanut Oil;Fresh Ginger;Rice Cakes;Chicken Stock;Toasted Sesame Oil
Gold And Silver Fried Rice (Jinyín Zicài Yāogou Chaofun),Stir-Fries;Rice Dishes;Main Course;Cooking For 1 Or 2;Chinese;Vegetarian,Cooked Rice;Raw Cashew Nuts;Peanut Oil;Laver Seaweed;Toasted Sesame Oil
Too Soft A Heart (Xīn Tào Ruan),Dessert;Chinese;Vegan,Chinese Red Dates;Wheat Starch;Sticky Rice Flour;Rock Sugar;Osmanthus Syrup;Peanut Oil
Lotus Leaf Eight Treasure Rice (Héyè Bābaofàn),Rice Dishes;Dessert;Chinese,Sticky Rice;Osmanthus Syrup;Pineapple;Unsweetened Coconut;Dried Lotus Leaves;Lotus Seeds;Raisins;Wolfberries;Chinese Red Dates;Dried Longan Fruits;Toasted Sesame Seeds;Nuts Of Your Choice;Water Chestnuts;Dried Fruits Of Your Choice
Rice Pearl And Tangerine Petal Sweet Soup (Júgēng Tāngyuán),Soups;Dessert;Chinese;Vegan,Sticky Rice Flour;Canned Mandarin Oranges;Rock Sugar
Sea Moss Sandies (Táitáo Sū),"Cookies, Biscuits & Crackers;Afternoon Tea;Chinese",Sea Moss;All-Purpose Flour;Pastry Flour;Butter
Crystal Lychees (Shuijing Lizhī),Candy / Sweets;Chinese,Lychees;Powdered Gelatin;Lemons
Candied Kumquats (Jinjú Táng),Candy / Sweets;Chinese;Vegan,Kumquats;Sugar
Sweet Stuffed Lotus Roots (Jiāngmi Lián Ou),Rice Dishes;Dessert;Chinese;Vegan,Lotus Root;Sticky Rice;Rock Sugar;Osmanthus Syrup
The Perfect Pot Of Chinese Tea (Rúhé Qīhao Zhongguo Chá),Beverages / Drinks (No-Alcohol);Chinese,Tea
Chrysanthemum Tea (Hángzhōu Júhuāchá),Beverages / Drinks (No-Alcohol);Chinese,Dried Chrysanthemum Flowers
Red Date Nectar (Hóngzao Lù),Beverages / Drinks (No-Alcohol);Chinese,Chinese Red Dates
Cold Bamboo Shoots With Mayonnaise (Liángbàn Zhúsun),Appetizers / Starters;Chinese;Vegetarian,Winter Bamboo Shoots;Kewpie Mayonnaise
Lemon Cashews (Níngméng Yāoguo),Appetizers / Starters;Chinese;Vegan;Vegetarian,Lemons;Dried Chinese Hawthorn Berries;Raw Cashew Nuts;Peanut Oil
Shunde Raw Fish (Shùndé Yúshēng),Appetizers / Starters;Chinese,Fresh Ginger;Rice Vinegar;Peanut Oil;Cellophane Noodles;Taro Root;Sushi Grade Fluke;Peanuts;Toasted Sesame Seeds;Laver Seaweed;Red Jalapeño Chiles;Cilantro;Green Onions;Romaine Lettuce;Sichuan Pickled Mustard Root;Seasoned Rice Vinegar;Toasted Sesame Oil;Garlic;Soy Sauce
Macanese Bacalau (Zhá Majièxiīu Qíu),Appetizers / Starters;Macanese,Salt Cod;Baking Potatoes;Green Onions;Fresh Ginger;Soy Sauce;Tapenade;Cilantro;Coconut Cream;Potato Starch;Panko Breadcrumbs;Peanut Oil;Chinese Black Vinegar;Baby Greens
Oyster Spring Rolls (Cuìpí Héjuan),Fried Doughs;Appetizers / Starters;Chinese,Tomato Ketchup;Soy Sauce;Oysters;Pork Belly;Mung Bean Sprouts;Green Onions;Cilantro;Pastry Flour;Five-Spice Powder;Rice Wine;Spring Roll Wrappers;Peanut Oil
Flower Mushroom Soup (Qīngdùn Huāgū Tāng),Soups;Chinese,Flower Mushrooms;Fresh Ginger;Green Onions;Rice Wine;Light Soy Sauce;Chicken Fat
Sesame Oil Chicken Soup (Máyóu Jī Tāng),Soups;Chinese,Whole Chicken;Toasted Sesame Oil;Fresh Ginger;Rice Wine;Wood Ear Fungus
Angelica Duck Soup (Dāngguī Yā),Soups;Chinese,Whole Duck;Fresh Ginger;Rice Wine;Cinnamon Sticks;Angelica Root;Whole Star Anise;Szechuan Lovage Root;Wolfberries;Rice Vermicelli Noodles
Pork Rib And Dried Bok Choy Soup (Páigu Gāncài Tāng),Soups;Chinese,Dried Bok Choy;Pork Ribs;Leeks;Fresh Ginger;Rice Wine;Carrots
Meaty Bone Soup (Ròugu Chá),Soups;Chinese,Pork Spareribs;Soy Sauce;Rougu Cha Herbal Mix;Chinese Dried Black Mushrooms;Dried Daylily Flowers;Peanut Oil;Garlic;Fresh Ginger;Rice Wine;Rock Sugar
Braised Stuffed Bean Curd (Niàng Dòufu),Stews & One-Pot Meals;Main Course;Chinese,Chicken Stock;Rice Wine;Fresh Ginger;Green Onions;Dark Soy Sauce;Rolled Oats;Ground Pork;Salted Fish;Bean Curd;Peanut Oil
Fried Custard With Mushrooms (Xiānggū Dàndòufu),Egg Dishes;Main Course;Chinese,Eggs;Stock;Peanut Oil;Bok Choy;Fresh Ginger;Green Onions;Mixed Mushrooms;Soy Sauce;Rock Sugar
Crispy Basil Omelet (Jiucéngta Hōngdàn),Egg Dishes;Main Course;Chinese;Vegetarian,Basil;Peanut Oil;Eggs
Salted Radish Omelet (Càipú Dàn),Egg Dishes;Main Course;Chinese;Vegetarian,Peanut Oil;Eggs;Dried Salted Radishes
Green Onion Omelet (Cōnghuā Dàn),Egg Dishes;Main Course;Chinese;Vegetarian,Eggs;Peanut Oil;Green Onions
Guangdong Style Steamed Fish (Guangdōng Qīngzhēngyú),Main Course;Chinese,Flatfish;Fresh Ginger;Green Onions;Soy Sauce;Rice Wine
Steamed Fish With Three Kinds Of Olives (Sānlan Zhēngyú),Main Course;Chinese,Chinese Olives;Ground Ginger;Fish Fillets;Chinese Olive Vegetable;Fresh Ginger;Red Jalapeño Chiles
Whole Dry Fried Flounder (Gānjiān Lóngli),Main Course;Chinese,Whole Flounder;Rice Wine;Peanut Oil;Green Onions;Soy Sauce
Shunde Braised Fish Puffs (Shùnde Hui Yufu),Stews & One-Pot Meals;Main Course;Chinese,White Fish Fillets;Green Onions;Rice Wine;Peanut Oil;Black Mushrooms;Fresh Ginger;Carrots;Oyster Sauce;Chicken Stock
Blanched Squid With Garlicky Dipping Sauce (Tàng Yóuyú),"Dips, Spreads & Salsas;Sauces, General;Main Course;Chinese",Fresh Ginger;Garlic;Soy Sauce;Rice Wine;Squid
Typhoon Shelter Crab (Bifēngtáng Chaoxiè),Main Course;Chinese,Dungeness Crabs;Garlic;Peanut Oil;Fermented Black Beans;Jalapeño Chiles;Panko Breadcrumbs;Green Onions;Dried Chiles
Stir Fried Milk With Crab (Dàliàng Chao Níunài),Stir-Fries;Main Course;Chinese,Peanut Oil;Slivered Almonds;Milk;Crabmeat;Lap Chong Sausages;Egg Whites;Mushroom Powder
Savory Crab And Cellophane Noodles (Pángxiè Fensī Bao),Stir-Fries;Main Course;Chinese,Cellophane Noodles;Dried Shrimp;Dungeness Crabs;Shallots;Fresh Ginger;Green Onions;Toasted Sesame Oil;Soy Sauce;Sweet Soy Sauce;Rice Wine;Peanut Oil
Chaozhou Shrimp Skewers (Cháozhōu Kaoxiā),Main Course;Chinese,Shrimp;Rice Wine;Peanut Oil;Serrano Chiles;Green Onions;Fish Sauce
Portuguese Chicken (Púguó Ji),Main Course;Portuguese;Chinese,Chicken Pieces;Peanut Oil;Potatoes;Rice Wine;Japanese Curry Paste;Coconut Milk
White Cut Chicken (Baigiē Ji),Stir-Fries;Main Course;Chinese,Whole Chicken;White Liquor;Toasted Sesame Oil;Green Onions;Fresh Ginger;Peanut Oil
Hainan Chicken And Rice (Hàinán Jī Fàn),Rice Dishes;Stir-Fries;Main Course;Chinese,Whole Chicken;White Liquor;Toasted Sesame Oil;Long Grain Rice;Bay Leaves;Fresh Ginger;Green Onions;Chicken Stock
Salt Baked Chicken (Yánjú Jī),Main Course;Chinese,Rock Salt;Whole Chicken;Five-Spice Powder;Powdered Sand Ginger;Fresh Ginger;Green Onions
African Chicken (Fēizhōu Jī),Main Course;Chinese;African,Chicken Thighs;Ground Chiles;Shallots;Sweet Paprika;Five-Spice Powder;Peanut Oil;Potatoes;Garlic;Bell Peppers;Coconut Milk;Peanut Butter;Chicken Broth;Parsley
Wuzhou Paper Wrapped Chicken (Wúzhōu Zhibāo Ji),Main Course;Chinese,Chicken Wings;Fresh Ginger;Green Onions;Whole Star Anise;Sand Ginger;Dried Tangerine Peel;Rice Wine;Oyster Sauce;Dark Soy Sauce;Soy Sauce;Peanut Oil
Three Cup Chicken (Sānbēi Jī),Main Course;Chinese,Chicken Wings;Fresh Ginger;Garlic;Peanut Oil;Oyster Sauce;Rock Sugar;Rice Wine;Toasted Sesame Oil;Green Onions;Red Jalapeño Chiles;Basil
Spareribs With Garlic And Plum Sauce (Méigāojiàng Bào Páigu),Main Course;Chinese,Pork Spareribs;Rice Wine;Fresh Ginger;Peanut Oil;Garlic;Plum Sauce;Rice Vinegar;Chinese Black Vinegar;Soy Sauce;Green Onions
Char Siu (Chāshāo),Main Course;Chinese,Pork Shoulder;Char Siu Sauce;Agave Syrup;Tomato Ketchup;White Liquor;Soy Sauce;Fresh Ginger
Pork Belly With Preserved Mustard Greens (Míicài Kòu Ròu),Main Course;Chinese,Pork Belly;Dark Soy Sauce;Peanut Oil;Preserved Mustard Greens;Green Onions;Fresh Ginger;Rice Wine;Soy Sauce;Agave Syrup
Diced Braised Pork Over Rice (Luròu Fàn),Stews & One-Pot Meals;Rice Dishes;Main Course;Chinese,Pork Shoulder;Shallots;Garlic;Peanut Oil;Peanut Butter;Ground Cinnamon;Whole Star Anise;Five-Spice Powder;Light Soy Sauce;Rice Wine;Rock Sugar;Cooked Rice
Steamed Minced Pork With Salted Fish (Xiányú Ròubing),Main Course;Chinese,Ground Pork;Green Onions;Fresh Ginger;Mushroom Powder;Soy Sauce;Rice Wine;Shallots;Salted Fish
"Water Spinach With Bean Curd ""Cheese"" And Chilies (Furu Kōngxīncài)",Side Dish;Chinese;Vegan;Vegetarian,Water Spinach;Fermented Bean Curd;Peanut Oil;Fresh Ginger;Jalapeño Chiles;Rice Wine;Toasted Sesame Oil
Gailan With Oyster Sauce (Haoyóu Jièlàn),Stir-Fries;Side Dish;Chinese,Gai Lan;Peanut Oil;Rice Wine;Oyster Sauce;Toasted Sesame Oil
Garlic Chive Flowers With Pressed Bean Curd (Jiucàihuā Chao Dòufugān),Stir-Fries;Side Dish;Chinese;Vegan;Vegetarian,Garlic Chive Flowers;Pressed Bean Curd;Peanut Oil;Rice Wine
Crisp Silk Gourd Crêpes (Cuìzhá Siguā Jiān),"Pancakes, Waffles & Crêpes;Side Dish;Chinese",Silk Gourds;Peanut Oil;Dried Salted Radishes;Peanuts;Sweet Potato Starch;Green Onions;Fish Sauce;Toasted Sesame Oil
Yi Residence Noodles (Yifu Miàn),Stir-Fries;Main Course;Chinese,Peanut Oil;Chinese Egg Noodles;Shrimp;Firm White Fish Fillets;Rice Wine;Yellow Chives;Fresh Ginger;Chicken Stock;Soy Sauce;Fish Sauce;Toasted Sesame Oil;Chinese Black Vinegar;Cilantro
Sesame Noodles (Májiàng Miàn),Stir-Fries;Main Course;Chinese;Vegan;Vegetarian,Toasted Sesame Oil;Chinese Toasted Sesame Paste;Peanut Butter;Green Onions;Soy Sauce;Chinese Dark Vinegar;Wheat Noodles
Stir Fried Grilled Breads (Chaobing),Stir-Fries;Main Course;Chinese;Vegetarian,All-Purpose Flour;Pastry Flour;Black Mushrooms;Soy Sauce;Rice Wine;Garlic Chives;Mung Bean Sprouts;Peanut Oil;Fresh Ginger;Eggs;Toasted Sesame Oil
Cheong Fun (Chángfèn),Stir-Fries;Main Course;Chinese,White Rice;Wheat Starch;Tapioca Flour;Cooked Duck;Cellophane Noodles;Peanut Oil;Slivered Almonds;Cilantro;Sweet Soy Sauce
Stir Fried Rice Noodles And Satay Beef (Shāchá Níuròu Chaohé),Stir-Fries;Main Course;Chinese,Beef Flank Steaks;Peanut Oil;Rice Noodles;Soy Sauce;Mung Bean Sprouts;Black Mushrooms;Fresh Ginger;Green Onions;Rice Wine;Satay Sauce
Crusty Rice With Charcuterie (Bàozi Fàn),Rice Dishes;Main Course;Chinese,Jasmine Rice;Lop Chong Sausages;Chinese Duck Liver Sausages;Cured Pork Belly;Black Mushrooms;Fresh Ginger;White Liquor;Soy Sauce;Toasted Sesame Oil
Fried Rice With Chicken And Salted Fish (Xiányu Jīli Chaofàn),Rice Dishes;Stir-Fries;Main Course;Chinese,Cooked White Rice;Peanut Oil;Cooked Chicken Meat;Salted Fish;Iceberg Lettuce;Green Onions;Toasted Sesame Oil
Taro Rice (Hainán Yùfàn),Rice Dishes;Side Dish;Chinese;Vegan;Vegetarian,Long Grain Rice;Taro Root;Unsweetened Coconut;Green Onions;Peanuts
Savory Sticky Rice (Yóufàn),Rice Dishes;Side Dish;Chinese,Chinese Dried Black Mushrooms;Dried Shrimp;Pork Belly;Dark Soy Sauce;Rice Wine;Shallots;Peanuts;Sticky Rice
Congee (Guangdōng Zhōu),Rice Dishes;Main Course;Chinese;Vegan;Vegetarian,Jasmine Rice;Peanut Oil
Lotus Leaf Congee (Héyè Zhōu),Rice Dishes;Main Course;Chinese;Vegan;Vegetarian,Jasmine Rice;Peanut Oil;Dried Lotus Leaves
Chaozhou Style Congee (Cháozhōu Mí),Rice Dishes;Main Course;Chinese;Vegan;Vegetarian,Jasmine Rice;Peanut Oil
Sweet Potato Congee (Hóngshu Xīfàn),Rice Dishes;Main Course;Chinese;Vegan;Vegetarian,Jasmine Rice;Peanut Oil;Sweet Potatoes
Pork And Preserved Egg Congee (Pidàn Shòuròu Zhōu),Rice Dishes;Egg Dishes;Main Course;Chinese,Jasmine Rice;Peanut Oil;Mushroom Seasoning;Chinese Cruller Bread;Toasted Sesame Oil;Fresh Ginger;Pork;Preserved Eggs;Green Onions;Peanuts
Sampan Congee (Tīnzi Zhōu),Rice Dishes;Main Course;Chinese,Jasmine Rice;Peanut Oil;Mushroom Seasoning;Pork Stomach;Pig Skin;Cuttlefish;Rice Vermicelli Noodles;Toasted Sesame Oil;Fresh Ginger;Green Onions;Peanuts
Roast Duck Congee (Kaoyā Zhōu),Rice Dishes;Main Course;Chinese,Jasmine Rice;Peanut Oil;Mushroom Seasoning;Chinese Celery;Chinese Cruller Bread;Toasted Sesame Oil;Fresh Ginger;Roast Duck
Hakka Tamales (Kèjiā Banzòng),Rice Dishes;Snacks;Chinese;Vegan;Vegetarian,Bamboo Leaves;Dark Soy Sauce;Rice Wine;Five-Spice Powder;Black Mushrooms;Toon Leaves;Tofu Skins;Pressed Bean Curd;Sesame Seeds;Peanut Oil;Peanuts;Shallots;Sticky Rice Flour;Pastry Flour;Gluten Batons
Ginger Milk Pudding (Jiāngzhī Zhuàng Nai),"Mousses, Trifles, Custards & Creams;Dessert;Chinese",Fresh Ginger;Agave Syrup;Milk
Baked Coconut Tapioca Custard (Yēzi Xīmi Jú Bùding),Baked & Steamed Desserts;Dessert;Chinese,Taro Root;Tapioca Pearls;Coconut Milk
The Wife'S Cookies (Laopó Bing),"Cookies, Biscuits & Crackers;Afternoon Tea;Chinese",Winter Melon Gourds;Lard;Sticky Rice Flour;Sugar;Shredded Coconut;Toasted Sesame Seeds;All-Purpose Flour;Pastry Flour;Egg Yolks
Hakka Nine Layer Confection (Kèjiā Jiucėnggāo),Candy / Sweets;Chinese;Vegan,Rice Flour;Japanese Black Sugar;Store-Cupboard Ingredients
Sun Cookies (Tàiyáng Bing),"Cookies, Biscuits & Crackers;Afternoon Tea;Chinese",All-Purpose Flour;Pastry Flour;Vegetable Shortening;Maltose;Salted Butter;Powdered Milk
Malay Sponge Cake (Malāgāo),"Cakes, Large;Dessert;Chinese;Malaysian",Peanut Oil;Soy Sauce;Cake Flour;Store-Cupboard Ingredients
Guangdong Style Moon Cakes (Guangdōng Yuèbing),"Cakes, Small;Dessert;Chinese",All-Purpose Flour;Pastry Flour;Peanut Oil;Rice Vinegar;Powdered Sugar;Filling Of Your Choice
Water Chestnut Gelée (Matígāo),Candy / Sweets;Chinese,Water Chestnuts;Water Chestnut Flour;Store-Cupboard Ingredients
Icy Green Mangoes (Qíngrén Guo),Ice Cream & Frozen Desserts;Quick / Easy;Chinese;Vegan,Green Mangoes;Sugar
Sweet Coconut Soup (Yēzhī Xīmi Lù),Soups;Dessert;Chinese;Vegan,Pearl Tapioca;Rock Sugar;Coconut Milk;Melons
Pearl Or Bubble Tea (Bōbàchá),Beverages / Drinks (No-Alcohol);Chinese,Boba;Lychee Juice;Lychee Tea
Hong Kong Milk Tea (Xiānggang Naichá),Beverages / Drinks (No-Alcohol);Chinese,Black Tea Leaves;Condensed Milk
Yuanyang Tea (Xiānggang Naichá),Beverages / Drinks (No-Alcohol);Chinese,Black Tea Leaves;Condensed Milk;Coffee
Spicy Mung Bean Jelly Shreds (Guizhōu Liáng Fen),Appetizers / Starters;Chinese;Vegan;Vegetarian,Mung Bean Powder;Fermented Black Beans;Fresh Ginger;Chile Oil;Soy Sauce;Chinese Black Vinegar;Toasted Sesame Oil;Green Onions
"Raw ""White Jade"" Bitter Melon (Liángbàn Báiyukuguā)",Appetizers / Starters;Chinese;Vegan;Vegetarian,Bitter Melons;Red Jalapeño Chiles;Green Onions;Fermented Black Beans;Soy Sauce;Chinese Black Vinegar;Toasted Sesame Oil
Cold Tossed Jellyfish (Liángbàn Haizhétóu),Appetizers / Starters;Chinese,Salted Jellyfish Heads;Toasted Sesame Oil;Peanut Oil;Fresh Ginger;Red Jalapeño Chiles;Green Onions;Chinese Black Vinegar;Sweet Soy Sauce
Dry Fried Chicken Wings (Gānpēng Jīchì),Appetizers / Starters;Chinese,Chicken Wings;Peanut Oil;Garlic;Fresh Ginger;Green Onions;Dried Thai Chiles;Rice Vinegar;Sichuan Peppercorns;Soy Sauce
Mouthwatering Chicken (Koushujī),Appetizers / Starters;Chinese,Chicken Thighs;Peanut Oil;Toasted Sesame Oil;Dried Chiles;Sichuan Peppercorns;Dried Orange Peel;Soy Sauce;Rice Wine;Rice Vinegar;Chinese Black Vinegar;Fresh Ginger
"Big, Thin Slices Of A Pig'S Head (Dàbáopiàn)",Appetizers / Starters;Chinese,Pig Jowls;White Liquor;Green Onions;Fresh Ginger;Sichuan Peppercorns;Fennel Seeds;Red Jalapeño Chiles;Garlic;Soy Sauce;Chinese Black Vinegar;Toasted Sesame Oil
Bean Curd Quenelle Soup (Dòufu Yuánzi Tāng),Soups;Chinese,Cellophane Noodles;Black Mushrooms;Winter Bamboo Shoots;Spinach;Bean Curd;Ground Pork;Shaoxing Rice Wine;Toasted Sesame Oil;Fresh Ginger;Green Onions;Chicken Stock
Flash Fish Soup (Shàngtāng Yúshēng),Soups;Chinese,Fish Fillets;Shaoxing Rice Wine;Chinese Cruller Bread;Black Mushrooms;Romaine Lettuce;Cilantro;Chicken Stock;Fresh Ginger;Chicken Fat;Rice Vinegar;Toasted Sesame Oil
Shredded Pork And Pickle Soup (Zhà Cài Ròusī Tāng),Soups;Chinese,Pork;Sichuan Pickled Mustard Root;Black Mushrooms;Peanut Oil;Fresh Ginger;Rice Wine;Toasted Sesame Oil;Green Onions
Yunnan Ham And Wild Mushroom Soup (Yegū Yúntui Tāng),Soups;Chinese,Chicken Fat;Fresh Ginger;Dry-Cured Ham;Rice Wine;Chicken Stock;Assorted Mushrooms;Bamboo Pith Fungus
Gold Hooks Hanging On Jade Plaques (Jin' Gōu Guà Yùpāi),Main Course;Chinese;Vegan;Vegetarian,Soybean Sprouts;Bean Curd;Green Onions;Toasted Sesame Oil;Peanut Oil;Dried Chillies;Sichuan Peppercorns;Soy Sauce
Peng Family Bean Curd (Péngjiā Dòufu),Stir-Fries;Main Course;Chinese,Firm Bean Curd;Pork Loin;Rice Wine;Leeks;Peanut Oil;Red Jalapeño Chiles;Fermented Black Beans;Soy Sauce;Toasted Sesame Oil
Zhuang Style Stuffed Bean Curd Balls (Zhuàngjiā Niàng Dòufu),Main Course;Chinese,Firm Bean Curd;Lean Pork;Black Mushrooms;Fresh Ginger;Green Onions;Soy Sauce;Pork Fat;Peanut Oil;Cornstarch;Rice Wine;Toasted Sesame Oil
Mapo Doufu (Mápo Dòufu),Main Course;Chinese,Soft Bean Curd;Ground Beef;Peanut Oil;Fresh Ginger;Fermented Black Beans;Sichuan Hot Bean Sauce;Dried Chillies;Stock;Leeks;Sweet Soy Sauce;Soybean Flour;Sichuan Peppercorns;Green Onions
Cod With Crispy Bean Sauce (Dòusū Xueyú),Stir-Fries;Main Course;Chinese,Cod Fillets;Rice Wine;Crispy Dried Soybeans;Peanut Oil;Fresh Ginger;Dried Chillies;Green Onions
Smoked Whole Fish Hunan Style (Shēngxūn Yú),Main Course;Chinese,Whole Fish;Fresh Ginger;Green Onions;Sichuan Peppercorns;Shaoxing Rice Wine;Applewood Chips;Rice;Tea Leaves;Black Rice Vinegar;Cilantro;Chili Oil;Toasted Sesame Oil
Fish And Bean Curd In Fermented Bean Sauce (Dòufu Dòubàn Yú),Stir-Fries;Main Course;Chinese,Freshwater Fish;Peanut Oil;Fresh Ginger;Green Onions;Firm Bean Curd;Sichuan Hot Bean Sauce;Red Wine Lees;Sweet Soy Sauce;Chinese Black Vinegar;Sichuan Peppercorns
Fish Fragrant Prawns (Yúxiāng Duìxiā),Stir-Fries;Main Course;Chinese,Prawns;Egg Whites;Peanut Oil;Water Chestnuts;Black Mushrooms;Pickled Red Chiles;Garlic;Green Onions;Fresh Ginger;Chinese Black Vinegar;Soy Sauce;Sichuan Hot Bean Sauce
Kung Pao Scallops (Gōngbao Gānbèi),Stir-Fries;Main Course;Chinese,Scallops;Soy Sauce;Shaoxing Rice Wine;Black Mushrooms;Chinese Celery;Fresh Ginger;Garlic;Green Onions;Dried Thai Chiles;Peanut Oil;Sichuan Peppercorns;Peanuts
Steampot Chicken (Qiguō Jī),Main Course;Chinese,Chicken Breasts;Chinese Ham;Winter Bamboo Shoots;Black Mushrooms;Fresh Ginger;Green Onions;Wolfberries;Rice Wine;Chicken Stock;Light Soy Sauce
Chili Chicken (Làzi Jī),Stir-Fries;Main Course;Chinese,Whole Chicken;Rice Wine;Soy Sauce;Peanut Oil;Sweet Soy Sauce;Leeks;Dried Thai Chiles;Garlic;Fresh Ginger
Lemongrass Chicken (Xiāngmáocao Kaojī),Main Course;Chinese,Whole Chicken;Lemongrass;Soy Sauce;Cilantro;Green Onions;Fresh Ginger;Dried Chillies;Chicken Fat
Twice Cooked Pork (Huiguō Ròu),Stir-Fries;Main Course;Chinese,Pork Belly;Pressed Bean Curd;Red Peppers;Leeks;Peanut Oil;Fresh Ginger;Toasted Sesame Oil;Bean Sauce;Sichuan Hot Bean Sauce;Sweet Soy Sauce
Dongan Chicken (Dōngān Jī),Main Course;Chinese,Sichuan Peppercorns;Dark Soy Sauce;Shaoxing Rice Wine;Rock Sugar;Whole Chicken;Dried Chillies;Peanut Oil;Fresh Ginger;Chinese Black Vinegar;Toasted Sesame Oil
Camphor Tea Duck (Zhāng Chá Yā),Spice / Herb Blends & Rubs;Main Course;Chinese,Whole Duck;Pink Salt;Sichuan Peppercorns;Shaoxing Rice Wine;Green Onions;Fresh Ginger;Tea Leaves;Toasted Sesame Oil;Bean Sauce;Sweet Soy Sauce;Peanut Oil;Dried Camphor Leaves
Lotus Wrapped Spicy Rice Crumb Pork (Héyè Fénzhēngròu),Main Course;Chinese,Pork Shanks;Bean Curd;Red Wine Lees;Sweet Soy Sauce;Fresh Ginger;Green Onions;Garlic;Chile Paste;White Rice;Dried Lotus Leaves;Sweet Wheat Paste
Honey Ham (Mizhī Huotui),Main Course;Chinese,Lotus Seeds;Cured Pork;Rock Sugar;Shaoxing Rice Wine;Fresh Ginger
Dry Fried Bitter Melon (Gānbiān Kuguā),Stir-Fries;Side Dish;Chinese;Vegan;Vegetarian,Bitter Melons;Peanut Oil
"Ginkgo Nuts, Chinese Celery, And Lily Bulbs (Báiguo Qíncài Chao Baihé)",Stir-Fries;Side Dish;Chinese;Vegan;Vegetarian,Ginkgo Nuts;Chinese Celery;Lily Bulbs;Peanut Oil
Black Bean Asparagus (Dòuchi Chao Lúsun),Stir-Fries;Side Dish;Chinese;Vegan;Vegetarian,Asparagus;Peanut Oil;Fresh Ginger;Fermented Black Beans
Stuffed Squash Blossoms (Guāhuā Niàng),Side Dish;Chinese,Squash Blossoms;Pork;Green Onions;Soy Sauce;Red Jalapeño Chiles;Peanut Oil
Mustard Cabbage With Schmaltz And Ginger (Jiyóu Jiècài),Stir-Fries;Side Dish;Chinese,Mustard Cabbage;Chicken Fat;Fresh Ginger;Shaoxing Rice Wine
Cumin Roasted Potatoes (Zirán Kao Malíngshu),Side Dish;Chinese;Vegan;Vegetarian,New Potatoes;Peanut Oil;Green Onions;Sichuan Peppercorns;Ground Cumin;Dried Chiles
Spicy And Numbing Cold Noodles (Sichuān Liángmiàn),Main Course;Chinese;Vegan;Vegetarian,Mung Bean Sprouts;Fresh Chinese Egg Noodles;Oranges;Meyer Lemons;Garlic;Fermented Black Beans;Peanut Oil;Toasted Sesame Oil;Fresh Ginger;Dried Chiles;Chile Oil;Sugar;Soy Sauce;Sichuan Peppercorns;Licorice Root;Whole Star Anise;Chinese Black Vinegar;Toasted Sesame Seeds
Wontons In Chili Oil (Hóngyóu Chaoshou),Main Course;Side Dish;Chinese,Fresh Ginger;Chicken Stock;Pork Shoulder;Light Soy Sauce;Rice Wine;Green Onions;Toasted Sesame Oil;Wonton Wrappers;Peanut Oil;Dried Chiles;Sichuan Peppercorns;Dried Orange Peel
Pork And Preserved Mustard Green Baozi (Méicài Ròu Bāo),Appetizers / Starters;Snacks;Chinese,Active Dry Yeast;All-Purpose Flour;Pastry Flour;Peanut Oil;Preserved Mustard Greens;Pork Shoulder;Soy Sauce;Rice Wine;Fresh Ginger;Green Onions
"Rice ""Bean Curd"" (Mi Dòufu)",Main Course;Summer;Chinese,Sticky Rice Flour;Sauce Or Gravy Of Your Choice
Crossing The Bridge Rice Noodles (Guòqiáo Mixiàn),Main Course;Chinese,Rice Noodles;Chicken Stock;Rice Wine;Fresh Ginger;Chicken Fat;Spinach;Chicken Breasts;Soy Sauce;Black Mushrooms
Guilin Rice Noodles (Guìlín Mifen),Main Course;Cooking For 1 Or 2;Chinese,Rice Noodles;Sichuan Peppercorns;Whole Star Anise;Bay Leaves;White Liquor;Rock Sugar;Fresh Ginger;Garlic;Red Jalapeño Chiles;Chinese Long Beans;Beef Shanks;Green Onions;Soy Sauce;Cinnamon Sticks;Fennel Seeds;Dried Thai Chiles;Rice Wine;Cilantro;Soybeans
Water Chestnut Pastries With Red Date Filling (Hóngzao Bíqi Bing),"Pies, Tarts & Pastries;Dessert;Chinese;Vegan",Dried Chinese Dates;Toasted Sesame Oil;Water Chestnuts;Sticky Rice Flour;Peanut Oil;Rock Sugar
Raw Chinese Yam With Osmanthus Syrup (Guìhuā Shānyào),Dessert;Chinese;Vegan,Chinese Yams;Osmanthus Syrup
Ciba (Cibā),Dessert;Chinese;Vegan,Peanuts;Toasted Sesame Seeds;Sticky Rice Flour
Drunken Eight Immortals (Zui Bāxiān),Dessert;Chinese;Vegan,Job'S Tears;Wolfberries;Lily Bulbs;Sticky Rice Flour;Water Chestnut Flour;Rock Sugar;Fruits Of The Forest;Fermented Rice
Winter Congee With Eight Treasures (Làbāzhōu),Rice Dishes;Dessert;Winter;Chinese;Vegan,Red Beans;Raw Peanuts;Sticky Rice;Walnuts;Rock Sugar;Slivered Almonds;Dried Red Dates;Dried Longan Fruits;Raisins;Wolfberries
Candy Coated Almonds (Xingrén Nián),Candy / Sweets;Cooking Ahead;Chinese;Vegan,Raw Almonds;Peanut Oil;Sugar
Peanut Milk (Huāshēng Nailù),Beverages / Drinks (No-Alcohol);Chinese;Vegan,Dried Red Dates;Raw Peanuts;White Rice;Rock Sugar
Floral Tisanes (Huāchá),Beverages / Drinks (No-Alcohol);Chinese,Edible Dried Flowers
Lettuce With Three Shreds (Sānsī Shēngcài),Appetizers / Starters;Chinese;Vegan;Vegetarian,Iceberg Lettuce;Dried Thai Chiles;Dried Wood Ear Mushrooms;Chinese Black Vinegar;Fresh Ginger;Toasted Sesame Oil;Toasted Sesame Seeds
Vegetable Confetti Salad (Labu Dangtsel),Salads;Appetizers / Starters;Chinese;Vegan;Vegetarian,Korean Radishes;Carrots;Tomatoes;Cilantro
Peanuts With Pickled Garlic (Chéncù Huāshēng),Appetizers / Starters;Chinese;Vegan;Vegetarian,Peanuts;Peanut Oil;Garlic;Chinese Black Vinegar;Dark Brown Sugar;Dark Soy Sauce
Tossed Cilantro And Peanut Salad (Huāshēngmi Bàn Xiāngcài),Salads;Appetizers / Starters;Chinese;Vegan;Vegetarian,Peanuts;Cilantro;Red Peppers;Sugar;Soy Sauce;Sichuan Peppercorns;Licorice Root;Whole Star Anise;Fresh Ginger;Toasted Sesame Seeds;Shallots;Peanut Oil
West Wind Tea Quail Eggs (Xifeng Chá Chúndàn),Egg Dishes;Appetizers / Starters;Chinese;Vegetarian,Quail Eggs;Green Tea;Fresh Ginger;Green Onions;Sichuan Peppercorns;Dried Tangerine Peel;Fennel Seeds;Rock Sugar;Soy Sauce;White Liquor
Sesame Lamb (Zhimá Yángròusī),Stir-Fries;Appetizers / Starters;Chinese,Lamb Shoulder;Dark Soy Sauce;White Liquor;Red Jalapeño Chiles;Peanut Oil;Fresh Ginger;Green Onions;Chinese Black Vinegar;Toasted Sesame Seeds
Lamb Soup With Biscuits (Yángròu Pàomó),"Soups;Bread & Rolls, Savory;Chinese",Lamb;Meat Stock;Fennel Seeds;Sichuan Peppercorns;Whole Star Anise;Cinnamon Sticks;Dried Thai Chiles;Fresh Ginger;Green Onions;All-Purpose Flour;Pastry Flour;Active Dry Yeast;Cellophane Noodles;Dried Wood Ear Fungus;Cilantro;Garlic;Chinese Black Vinegar;Dark Brown Sugar;Dark Soy Sauce;Oil;Dried Korean Chiles;Fermented Black Beans
Lanzhou Beef Noodle Soup (Lánzhōu Níuròu Miàn),Soups;Chinese,Beef Shanks;Peanut Oil;Fresh Ginger;Leeks;Bean Sauce;Rice Wine;Rock Sugar;Soy Sauce;Chinese Radishes;Carrots;Tomatoes;Beef Stock;Black Cardamom Pods;Fennel Seeds;Sichuan Peppercorns;White Peppercorns;Sand Ginger;Licorice Root;Dried Tangerine Peel;Cinnamon Sticks;Whole Star Anise;Fresh Noodles
Lamb Noodle Soup (Guriltai Shul And Gyatuk),Soups;Chinese,Peanut Oil;Garlic;Turmeric;Fresh Ginger;Lamb Shanks;Soy Sauce;Tomatoes;Carrots;Noodles;Green Onions
Ningxia Midwinter Soup (Níngxià Yángròu Fen Tāng),Soups;Winter;Chinese,Lamb;Soy Sauce;Dark Soy Sauce;Peanut Oil;Fresh Ginger;Green Onions;Dried Chiles;Five-Spice Powder;Black Mushrooms;Canned Tomatoes;Chinese Black Vinegar;Mushroom Stock;Mung Bean Powder
Northwestern Roasted Fish (Xinjiāng Kaoyú),Main Course;Chinese,Whole Fish;Cumin Seeds;Red Jalapeño Chiles
Kung Fu Fish (Gōngfū Dùn Yú),Main Course;Chinese,Whole Fish;Peanut Oil;Dried Chiles;Chinese Black Vinegar;Mushroom Powder;Rice Wine;Chicken Stock;Cilantro
Sweet And Sour Squid Blossoms (Tángcù Yóuyújuan),Main Course;Chinese,Squid;Dried Thai Chiles;Fresh Ginger;Green Onions;Garlic;Chinese Black Vinegar;Light Soy Sauce;Peanut Oil;Slivered Almonds
Steamed Chicken Southern Gansu Style (Longnán Qingzhēng Jī),Main Course;Chinese,Dried Wood Ear Fungus;Magnolia Petals;Chicken Wings;Green Onions;Fresh Ginger;Sichuan Peppercorns;Spinach;Cilantro;Rice Wine;Toasted Sesame Oil
Chicken With Walnuts And Lotus Root (Jiàngbào Táorén Jīdīng),Stir-Fries;Main Course;Chinese,Chicken Meat;Rice Wine;Egg Whites;Walnuts;Lotus Root;Rice Vinegar;Dried Thai Chiles;Peanut Oil;Fresh Ginger;Green Onions;Toasted Sesame Oil;Sweet Wheat Paste
Xinjiang'S Big Plate Of Chicken (Xīniāng Dàpán Jī),Stir-Fries;Main Course;Chinese,Chicken Meat;Rice Wine;Soy Sauce;Potatoes;Green Peppers;Dried Thai Chiles;Peanut Oil;Sichuan Peppercorns;Green Onions;Fresh Ginger
Hot And Sour Pork (Suānlà Liji),Stir-Fries;Main Course;Chinese,Dried Thai Chiles;Pork Loin;Toasted Sesame Oil;Soy Sauce;Fresh Ginger;Sichuan Peppercorns;Garlic;Green Onions;Chinese Black Vinegar;Peanut Oil
Osmanthus Blossom [Moo Shu] Pork (Mùxī Ròu),Stir-Fries;Main Course;Chinese,Toasted Sesame Oil;Soy Sauce;Pork Tenderloin;Dried Bamboo Shoots;Dried Wood Ear Mushrooms;Dried Daylily Flowers;Green Onions;Rice Wine;Chinese Pancakes;Sweet Wheat Paste
Buddha'S Hand Rolls (Tángcù Fóshou Juan),Egg Dishes;Main Course;Chinese,Green Onions;Fresh Ginger;Rice Wine;Ground Pork;Eggs;Peanut Oil;Rice Vinegar;Chinese Black Vinegar;Soy Sauce
Silk Road Fajitas (Báobing Jiān Níuròu),Sandwiches & Burgers;Main Course;Mexican;Chinese,Beef;Rice Wine;Ground Cumin;Dried Chiles;Peanut Oil;Chinese Pancakes;Fresh Ginger;Red Peppers;Green Onions;Cilantro
Tibetan Meatballs In A Yogurt Sauce (Shabril),"Sauces, General;Main Course;Chinese;Tibetan",Ground Lamb;Fenugreek Seeds;Peanut Oil;Yellow Onions;Turmeric;Garlic;Fresh Ginger;Black Mushrooms;Radishes;Soy Sauce;Yogurt;Green Onions
Xinjiang Style Lamb Kebabs (Xinjiāng Yángròu Chuàn),Grills & Bbq;Main Course;Chinese,Lamb Shoulder;Garlic;Ground Cumin;Dried Chiles
Lamb With Wolfberry Buds And Berries (Yángròu Gouqiyá),Main Course;Chinese,Lamb;Wolfberries;Sichuan Peppercorns;Fresh Ginger;Watercress;Egg Whites;Peanut Oil;Green Onions
Lily Bulbs And Wolfberries (Baihé Chao Couqi),Stir-Fries;Side Dish;Chinese;Vegan;Vegetarian,Wolfberries;Lily Bulbs;Peanut Oil
Golden Edged Cabbage (Jinbiān Báicài),Stir-Fries;Side Dish;Chinese;Vegan;Vegetarian,Napa Cabbage;Dried Thai Chiles;Peanut Oil;Fresh Ginger;Chinese Black Vinegar;Soy Sauce;Toasted Sesame Oil
Roasted Sweet Potatoes (Kao Hongshu),Side Dish;Chinese;Vegan;Vegetarian,Sweet Potatoes
Stir Fried Yellow Chives And Eggs (Dàn Chao Jiuhuáng),Stir-Fries;Egg Dishes;Side Dish;Chinese;Vegetarian,Yellow Chives;Peanut Oil;Eggs
Tomatoes And Eggs (Xīhóngshì Chao Jizi),Egg Dishes;Stir-Fries;Side Dish;Chinese;Vegetarian,Tomatoes;Peanut Oil;Fresh Ginger;Green Onions;Eggs
Curried Potatoes (Shogog Khatsa),Stir-Fries;Side Dish;Chinese;Vegetarian,Potatoes;Yellow Onions;Garlic;Tomatoes;Peanut Oil;Fresh Ginger;Dried Thai Chiles;Fenugreek Seeds;Paprika;Turmeric;Ground Cumin
Spicy Biangbiang Noodles (Yóupō Làzi Biángbiángmiàn),Stir-Fries;Main Course;Snacks;Cooking For 1 Or 2;Chinese;Vegan;Vegetarian,All-Purpose Flour;Pastry Flour;Peanut Oil;Spinach;Dried Chiles;Toasted Sesame Seeds;Green Onions;Chinese Black Vinegar;Soy Sauce
Shaved Noodles With Meat Sauce (Ròuluzhī Dāoxiāomiàn),Main Course;Chinese,All-Purpose Flour;Pastry Flour;Peanut Oil;Carrots;Yellow Onions;Whole Star Anise;Bay Leaves;Cinnamon Sticks;Sichuan Peppercorns;Fennel Seeds;Sichuan Hot Bean Sauce;Ground Pork;Green Onions;Fresh Ginger;Garlic;Oyster Sauce;Soy Sauce;Chinese Black Vinegar;Cilantro
Grilled Layered Lamb Pastries (Khunushuur),"Pies, Tarts & Pastries;Grills & Bbq;Main Course;Snacks;Chinese",Ground Lamb;Fresh Ginger;Green Onions;Soy Sauce;All-Purpose Flour;Pastry Flour
Coiled Bread (Dàbing),"Bread & Rolls, Savory;Chinese",All-Purpose Flour;Pastry Flour;Green Onions;Toasted Sesame Oil;Peanut Oil
Grilled Sesame Breads With Green Onions (Zhīmá Dàbing),"Bread & Rolls, Savory;Grills & Bbq;Chinese;Vegan",Active Dry Yeast;All-Purpose Flour;Pastry Flour;Peanut Oil;Toasted Sesame Oil;Green Onions;Sesame Seeds
Baked Round Uyghur Bread (Nángbing),"Bread & Rolls, Savory;Uighur",Active Dry Yeast;Peanut Oil;All-Purpose Flour;Pastry Flour
Momo And Buuz,Main Course;Chinese,Ground Lamb;Fresh Ginger;Green Onions;Celery;Cilantro;Peanut Oil;Black Mushrooms;All-Purpose Flour;Pastry Flour
Crêpes And Chili Potatoes (Jiānbing Juan Tudòusi),"Pancakes, Waffles & Crêpes;Main Course;Cooking For 1 Or 2;Chinese",All-Purpose Flour;Pastry Flour;Potatoes;Green Onions;Peanut Oil;Dried Chiles;Soy Sauce;Toasted Sesame Oil;Dried Thai Chiles;Garlic;Fresh Ginger
Oat Honeycomb Rolls (Yóumiàntuīwōwō),"Bread & Rolls, Savory;Chinese;Vegan",Oat Groats
Uyghur Pilaf (Polo Or Zhuāfan),Rice Dishes;Main Course;Uighur,Peanut Oil;Yellow Onions;Lamb Shoulder;Long Grain Rice;Golden Raisins;Carrots
Fried Cookies (Boortsog),"Cookies, Biscuits & Crackers;Afternoon Tea;Chinese",Butter;All-Purpose Flour;Pastry Flour;Peanut Oil
Rose Scented Lotus Patties (Shuijing Liáncài Bing),Dessert;Chinese,Lotus Root;Walnuts;Wolfberries;Rose Petal Jam;Peanut Oil;Honey
Sweet Pear Soup With Silver Ears (Yíner Tiánlí Tāng),Soups;Dessert;Chinese;Vegan,Rock Sugar;Fresh Ginger;Wolfberries;Osmanthus Syrup;Chinese Pears;Silver Tree Ear Fungus Mushrooms
Stuffed Muskmelon (Niàng Zuìguā),Dessert;Chinese;Vegan,Lotus Seeds;Sticky Rice;Black Tapioca Pearls;Rock Sugar;Osmanthus Syrup;Wolfberries;Raisins;Walnuts;Toasted Sesame Seeds;Persian Melons
Butter Tea (Boeja And Suutei Tsai),Beverages / Drinks (No-Alcohol);Chinese,Fermented Tea Leaves;Salted Butter;Heavy Cream
Eight Treasure Tea (Bābaochá),Beverages / Drinks (No-Alcohol);Chinese,Green Tea;Dried Red Dates;Wolfberries;Apricot Pits;Dried Longan Fruits;Walnuts;Dried Chrysanthemum Flowers;Raisins;Rock Sugar
Chicken Stock (Ji Gāotāng),Stocks;Cooking Ahead;Chinese,Chicken Pieces;Chicken Carcass;Rice Wine;Fresh Ginger;Green Onions;Black Peppercorns
Meat Stock (Ròu Gāotāng),Stocks;Cooking Ahead;Chinese,Meat Bones
Mushroom Stock (Xiānggū Gaotāng),Stocks;Cooking Ahead;Chinese;Vegan;Vegetarian,Chinese Dried Black Mushrooms
Steamed Rice (Zhēng Báifàn),Rice Dishes;Side Dish;Chinese;Vegan;Vegetarian,White Rice
Stove Top Rice (Shuizhu Báifàn),Rice Dishes;Side Dish;Chinese;Vegan;Vegetarian,Short-Grain Rice
Rice Crumbs (Zhēngfen),Rice Dishes;Chinese;Vegan;Vegetarian,White Rice
Sweet Rice Tamales With Bean Paste (Dòushā Zòng),Rice Dishes;Snacks;Chinese;Mexican;Vegan,Dried Bamboo Leaves;Sticky Rice;Toasted Sesame Oil;Adzuki Beans;Walnuts
Chinese Flour (Miànfen),Chinese;Vegan,All-Purpose Flour;Pastry Flour
Plain Hot Water Dough (Tàngmiàn Miàntuán),"Quick / Easy;Bread & Rolls, Savory;Chinese;Vegan",All-Purpose Flour;Pastry Flour
Plain Cold Water Dough (Lengshui Miàntuán),"Bread & Rolls, Savory;Quick / Easy;Chinese;Vegan",All-Purpose Flour;Pastry Flour
Whole Egg Dough (Quándàn),"Bread & Rolls, Savory;Egg Dishes;Chinese",Eggs;All-Purpose Flour;Pastry Flour
Northern Style Puff Pastry (Beifāng Yóusūpí Miàntuán),"Pies, Tarts & Pastries;Chinese;Vegetarian",Active Dry Yeast;All-Purpose Flour;Pastry Flour;Oil;Toasted Sesame Oil
Southern Style Puff Pastry (Nánfāng Yóusūpí Miàntuán),"Pies, Tarts & Pastries;Chinese;Vegan;Vegetarian",All-Purpose Flour;Pastry Flour
Wheat Wrapppers [Chinese Flour Tortillas] (Héyèbing),"Bread & Rolls, Savory;Chinese;Vegan;Vegetarian",All-Purpose Flour;Pastry Flour;Peanut Oil
Grilled Breads (Làobing),"Bread & Rolls, Savory;Grills & Bbq;Chinese;Vegetarian",All-Purpose Flour;Pastry Flour
Flower Rolls [Northern Style] (Huājuan 1),"Bread & Rolls, Savory;Chinese;Vegan",All-Purpose Flour;Pastry Flour;Toasted Sesame Seeds;Toasted Sesame Oil;Sichuan Peppercorns
Flower Rolls [Southern Style] (Huājuan 2),"Bread & Rolls, Savory;Chinese;Vegan",All-Purpose Flour;Pastry Flour;Green Onions;Peanut Oil
"Traditional Steamed Bread, Or Traditional Mantou (Chuántóng Mántóu)","Bread & Rolls, Savory;Chinese;Vegan",All-Purpose Flour;Pastry Flour;Active Dry Yeast
"Fast Steamed Bread, Or Fast Mantou (Jianyi Mántóu)","Bread & Rolls, Savory;Quick / Easy;Chinese;Vegan",All-Purpose Flour;Pastry Flour;Active Dry Yeast
Fried Sesame Rolls (Mábing),Fried Doughs;Chinese;Vegan,All-Purpose Flour;Pastry Flour;Active Dry Yeast;Sesame Seeds;Peanut Oil
Raised Gluten (Kaofū),Main Course;Chinese;Vegan;Vegetarian,Active Dry Yeast;Gluten Flour
Red Date Steamed Buns (Hóngzao Mántóu),Appetizers / Starters;Snacks;Chinese;Vegan;Vegetarian,Active Dry Yeast;All-Purpose Flour;Pastry Flour;Dried Red Dates
"Filled Steamed Buns, Or Baozi (Bāozi)",Appetizers / Starters;Snacks;Chinese;Vegan;Vegetarian,All-Purpose Flour;Active Dry Yeast;Pastry Flour;Filling Of Your Choice
Lotus Leaf Buns And Guabao (Héyè Yuan And Guābāo),"Bread & Rolls, Savory;Chinese;Vegan",Active Dry Yeast;Peanut Oil;All-Purpose Flour;Pastry Flour
Fried Soybeans (Zhá Huángdòu),Snacks;Chinese;Vegan;Vegetarian,Dried Soybeans;Peanut Oil
Toasted Soybean Flour (Huángdòufen),Cooking Ahead;Chinese;Vegan;Vegetarian,Dried Soybeans;Peanut Oil
Fried Peanuts (Zhá Huāshēngmi),Snacks;Cooking Ahead;Chinese;Vegan;Vegetarian,Peanut Oil;Raw Peanuts
Toasted Peanuts (Kao Huāshēngmi),Snacks;Cooking Ahead;Chinese;Vegan;Vegetarian,Raw Peanuts
Stewed Peanuts (Beifānghsi Lu Huashēng),Side Dish;Cooking Ahead;Chinese;Vegan;Vegetarian,Raw Peanuts;Soy Sauce;Rice Wine;Whole Star Anise;Cinnamon Sticks;Sichuan Peppercorns;Fresh Ginger
Toasted Sesame Seeds (Kao Zhīá),Cooking Ahead;Chinese;Vegan;Vegetarian,Sesame Seeds
Toasted Sesame Paste (Májiàng),Cooking Ahead;Chinese;Vegan;Vegetarian,Toasted Sesame Seeds;Toasted Sesame Oil
Xinjiang Style Yogurt (Xīniāng Suānnai),Cooking Ahead;Chinese;Vegetarian,Half And Half Cream;Bulgarian-Style Yogurt
Fermented Rice (Jiuniáng),Rice Dishes;Breakfast / Brunch;Main Course;Cooking Ahead;Chinese;Vegan;Vegetarian,Long Grain Rice;Wine Yeast Ball
Red Wine Lees (Hóngzā),Rice Dishes;Cooking Ahead;Chinese;Vegan;Vegetarian,Long Grain Rice;Red Yeast Rice;Wine Yeast Ball
"Red Fermented Bean Curd ""Cheese"" (Nánru)",Cooking Ahead;Chinese;Vegan;Vegetarian,Extra-Firm Tofu;Red Wine Lees
"White Bean Curd ""Cheese"" (Dòufuru)",Cooking Ahead;Chinese;Vegan;Vegetarian,Extra-Firm Tofu;Chile Flakes;Rice Wine
Brined [Salted] Eggs (Xiándàn),Egg Dishes;Cooking Ahead;Chinese;Vegetarian,Sea Salt;Eggs;Fresh Ginger;Whole Star Anise;Sichuan Peppercorns;Dried Thai Chiles;Shaoxing Rice Wine
Huagua Pickles (Huāguā),"Chutneys, Pickles & Relishes;Chinese;Vegan;Vegetarian",Persian Cucumbers;Soy Sauce;Rice Vinegar;Dried Licorice Root
Pickled Red Chili Peppers (Pào Hónglàjiāo),"Chutneys, Pickles & Relishes;Chinese;Vegan;Vegetarian",Thai Red Chiles;Whole Star Anise;Sichuan Peppercorns;White Liquor
Pickled Lotus Root (Pàojiāo Lián Ou),"Chutneys, Pickles & Relishes;Chinese;Vegan;Vegetarian",Lotus Root;Green Onions;Fresh Ginger;Thai Red Chiles;Whole Star Anise;Sichuan Peppercorns;White Liquor;Rice Vinegar
Salted Shanghainese Greens (Xuelihóng),Chinese;Vegan;Vegetarian,Chinese Mustard Greens ;Sea Salt
Shanghai Mustard Pickles (Tángcù Jiècài),"Chutneys, Pickles & Relishes;Chinese;Vegan;Vegetarian",Chinese Mustard Greens ;Rice Vinegar;Thai Chiles;Garlic;Fresh Ginger
Traditional Fermented Sichuan Style Pickles (Chuántóng Sichuān Pàocài),"Chutneys, Pickles & Relishes;Chinese;Vegan;Vegetarian",Sea Salt;Sichuan Peppercorns;Whole Star Anise;Bay Leaves;White Liquor;Rock Sugar;Fresh Ginger;Garlic;Red Jalapeño Chiles;Cabbage;Chinese Radishes;Carrots;Long Beans;Kohlrabi
Fast Sichuan Style Pickles (Jianyi Sìchuān Pàocài),"Chutneys, Pickles & Relishes;Quick / Easy;Chinese;Vegan;Vegetarian",Chinese Radishes;Carrots;Cabbage;Rice Vinegar;Sugar;Chiles;Sichuan Peppercorns;Fresh Ginger
Spicy Pickled Cucumbers (Suānlà Huángguā),"Chutneys, Pickles & Relishes;Chinese;Vegan;Vegetarian",Persian Cucumbers;Soy Sauce;Sichuan Peppercorns;Fresh Ginger;Peanut Oil;Chinese Black Vinegar;Toasted Sesame Oil;Chile Paste
Sweet Pickled Garlic Cloves (Tángsuàn),"Chutneys, Pickles & Relishes;Chinese;Vegan;Vegetarian",Garlic;Sea Salt;Chinese Black Vinegar;Dark Brown Sugar;Dark Soy Sauce
Green Onion Oil (Cōng Yóu),Dressings & Marinades;Chinese;Vegan;Vegetarian,Green Onions;Peanut Oil
Sichuan Peppercorn Oil (Huájiā Yóu),Dressings & Marinades;Chinese;Vegan;Vegetarian,Sichuan Peppercorns;Peanut Oil
Fried Shallots And Shallot Oil (Yóucōng Su And Hóngcōng Yóu),Dressings & Marinades;Chinese;Vegan;Vegetarian,Shallots;Peanut Oil
Red Chili Oil With Toasty Bits (Málà Hóngyóu),Dressings & Marinades;Chinese;Vegan;Vegetarian,Peanut Oil;Toasted Sesame Oil;Dried Chiles;Sichuan Peppercorns;Dried Orange Peel
Citrus Chili Oil With Black Beans (Júxiāng Dòuchi Làyóu),Dressings & Marinades;Chinese;Vegan;Vegetarian,Oranges;Meyer Lemons;Garlic;Fermented Black Beans;Peanut Oil;Toasted Sesame Oil;Fresh Ginger;Dried Chiles
Hunan Style Chili Paste (Xiāngshì Làjiàng),"Dips, Spreads & Salsas;Cooking Ahead;Chinese;Vegan;Vegetarian",Oil;Dried Korean Chiles;Fermented Black Beans
Guizhou Ciba Chili Paste (Cíbā Làjiāo),"Dips, Spreads & Salsas;Cooking Ahead;Chinese;Vegan;Vegetarian",Dried Thai Chiles;Garlic;Fresh Ginger;Peanut Oil
Guizhou Fermented Hot Sauce (Guìzhou Làjiāojiàng),"Sauces, General;Cooking Ahead;Chinese;Vegan;Vegetarian",Red Chiles;Fermented Black Beans;Garlic;Sea Salt;White Liquor
Sweet Chili Sauce (Tiánlàjiàng),"Sauces, General;Cooking Ahead;Chinese;Vegan;Vegetarian",Chile Powder;Red Jalapeño Chiles;Tomato Ketchup;Rice Vinegar
Sweet Soy Sauce (Tiánjiàngyóu),"Sauces, General;Cooking Ahead;Chinese;Vegan;Vegetarian",Sugar;Soy Sauce;Sichuan Peppercorns;Licorice Root;Whole Star Anise;Fresh Ginger
Dry Fried Salt And Pepper (Hújiāo Yán),Spice / Herb Blends & Rubs;Cooking Ahead;Chinese,Black Peppercorns;Sea Salt
Toasted Sichuan Peppercorn Salt (Huājiāo Yán),Spice / Herb Blends & Rubs;Cooking Ahead;Chinese,Sichuan Peppercorns;Sea Salt
Ground Toasted Sichuan Peppercorns (Huājiāo Fén),Spice / Herb Blends & Rubs;Cooking Ahead;Chinese,Sichuan Peppercorns
Five Spice Powder (Wuxiāngfen),Spice / Herb Blends & Rubs;Cooking Ahead;Chinese,Cinnamon Sticks;Fennel Seeds;Whole Star Anise;Whole Cloves;Sand Ginger
Red Bean Paste With Chestnuts (Dòushā Lìzi),Cooking Ahead;Chinese;Vegetarian,Adzuki Beans;Chestnuts
Date Paste Filling With Toasted Walnuts (Hétáo Zaoni),Cooking Ahead;Chinese;Vegetarian,Chinese Red Dates;Toasted Sesame Oil;Powdered Sugar;Rice Vinegar;Walnuts
Coconut Filling (Yēróng),Cooking Ahead;Chinese;Vegetarian,Sweetened Coconut
Fruit And Nut Filling (Wurén),Cooking Ahead;Chinese;Vegetarian,Chinese Red Dates;Pumpkin Seeds;Dried Cranberries;Walnuts;Toasted Sesame Seeds;Sliced Almonds;Meiguilu Jiu;Powdered Sugar;Rice Vinegar;Sticky Rice Flour
"Lotus, Pine Nut, And Salted Yolk Filling (Liánróng Sōngzi Dànhuáng)",Egg Dishes;Cooking Ahead;Chinese;Vegetarian,Lotus Seeds;Powdered Sugar;Rice Vinegar;Meiguilu Jiu;Pine Nuts;Sea Salt;Eggs;Fresh Ginger;Whole Star Anise;Sichuan Peppercorns;Dried Thai Chiles;Shaoxing Rice Wine
Caramel Syrup (Hēi Tángjiāng),Sauces For Desserts;Cooking Ahead;Chinese;Vegan,Powdered Sugar;Rice Vinegar
Dark Glaze (Shēnsè Dànshui),Sauces For Desserts;Cooking Ahead;Chinese,Egg Yolks;Meiguilu Jiu;Powdered Sugar;Rice Vinegar
Light Glaze (Dànsè Dànshui),Sauces For Desserts;Cooking Ahead;Chinese,Egg Yolks;Powdered Sugar;Rice Vinegar
